단계,학습활동,확인 기준(기대값),완료,결과/해석
1,원자료 확보(Kaggle 직접 / Drive 제공본 / GitHub URL 중 택1),dailyActivity_merged.csv와 sleepDay_merged.csv 2개,,
2,두 CSV의 행·열 수 확인,daily (940 15) / sleep (413 5),,
3,컬럼 구조와 사용자 수 확인,활동 33명 / 수면 24명,,
4,결측치 확인,두 파일 모두 0개,,
5,완전 중복 행 확인 및 제거,sleep 중복 3행 → 410행,,
6,범위·극단값 및 숨은 결측(미착용 의심) 확인,걸음 0 & 비활동 1440분 = 72일 / 칼로리 0 = 4일,,
7,사용자별 기록 일수 확인,31일 미만 사용자 12명,,
8,날짜형 변환(format 명시),ActivityDate·SleepDay가 datetime64,,
9,Id + 날짜로 inner merge,410행 × 19열 / 사용자 24명,,
10,규칙 기반 알림 생성,이상 42건 / normal 368건,,
11,Isolation Forest 실행(contamination=0.05),anomaly 21건(버전에 따라 ±1~2건),,
12,규칙 vs AI 교차표 작성,O/O 12 · O/X 30 · X/O 9 · X/X 359,,
13,서로 다른 판단 사례 해석,규칙 X / AI O 와 규칙 O / AI X 각 1개 이상 설명,,
14,헬스케어 적용 시 사람 검토가 필요한 이유 작성,2가지 이상,,
