date,steps,sleep_hours,calories,sedentary_minutes,very_active_minutes
2026-09-01,6940,6.4,2018,830,52
2026-09-02,4504,6.9,2081,738,58
2026-09-03,7618,7.6,2233,771,40
2026-09-04,5373,6.8,2417,764,53
2026-09-05,8257,5.3,1962,809,73
2026-09-06,6751,7.0,2114,838,33
2026-09-07,8314,6.4,2145,677,39
2026-09-08,0,5.3,1868,788,48
2026-09-09,7186,6.3,2283,808,45
2026-09-10,7804,7.2,2188,741,48
2026-09-11,7990,5.9,2048,773,31
2026-09-12,7526,6.9,2040,835,68
2026-09-13,6035,,2254,693,67
2026-09-14,7852,5.8,2176,778,42
2026-09-15,6784,5.8,1793,725,61
2026-09-16,7188,6.7,2237,741,54
2026-09-17,5758,7.2,2227,709,45
2026-09-18,35500,6.5,2175,752,63
2026-09-19,6008,7.1,2113,733,45
2026-09-20,7846,5.9,2012,744,38
2026-09-21,6658,6.9,2099,745,57
2026-09-22,8971,5.6,1878,772,49
2026-09-23,5904,6.5,2150,711,41
2026-09-24,7331,13.5,2056,799,55
2026-09-25,9020,5.7,1952,759,51
2026-09-26,8292,6.5,1962,786,50
2026-09-27,6274,6.6,2050,770,60
2026-09-28,7424,5.9,2090,826,62
2026-09-29,8383,6.5,2088,811,54
2026-09-30,7291,6.7,-150,724,44
2026-10-01,7408,6.1,1952,781,63
2026-10-02,7273,6.4,2227,759,51
2026-10-03,6176,6.9,2214,685,48
2026-10-04,7095,7.2,1893,709,37
2026-10-05,8448,7.0,1982,772,67
2026-10-06,5357,6.7,2140,713,720
2026-10-07,5849,6.2,2164,739,52
2026-10-08,6751,7.0,1953,800,42
2026-10-09,8574,6.5,2094,724,54
2026-10-10,7125,6.8,1944,769,45
2026-10-11,6429,6.4,1870,821,42
2026-10-12,7535,5.9,2154,760,48
